{"cameraMode":{"drawMode":0,"name":"Shaded","section":"Shading Mode"},"sceneLighting":true,"audioPlay":false,"sceneViewState":{"m_AlwaysRefresh":false,"showFog":true,"showSkybox":true,"showFlares":true,"showImageEffects":true,"showParticleSystems":true,"showVisualEffectGraphs":true,"m_FxEnabled":true},"in2DMode":false,"pivot":{"x":1.8252865076065064,"y":-4.214323043823242,"z":15.841109275817871},"rotation":{"x":-0.03630169481039047,"y":-0.002402304671704769,"z":0.00008637755672680214,"w":-0.9993405342102051},"size":17.46442413330078,"orthographic":false}