{"cameraMode":{"drawMode":0,"name":"Shaded","section":"Shading Mode"},"sceneLighting":true,"audioPlay":false,"sceneViewState":{"m_AlwaysRefresh":false,"showFog":true,"showSkybox":true,"showFlares":true,"showImageEffects":true,"showParticleSystems":true,"showVisualEffectGraphs":true,"m_FxEnabled":true},"in2DMode":false,"pivot":{"x":-0.3668326139450073,"y":0.1039278507232666,"z":-1.778036117553711},"rotation":{"x":-0.1274612694978714,"y":0.0020801271311938764,"z":-0.00026746245566755533,"w":-0.991838812828064},"size":7.828830718994141,"orthographic":false}